<?xml version="1.0" encoding="UTF-8" standalone="yes"?>
<!--
    Ophirepo Batch Installer Manifest File
    
-->
<installer>
    <!--
        Addons is a required container for a list of addon username and addon_id pairs.
        Each container requires both pairs.
    -->
    <addons>
        <addon>
            <addon_id>plugin.video.OphicusEvolution</addon_id>
            <username>Ophicus</username>
        </addon>
        <addon>
            <addon_id>plugin.video.f4mTester</addon_id>
            <username>Shani</username>
        </addon>
		<addon>
            <addon_id>plugin.program.chrome.launcher</addon_id>
            <username>Richard (rwperkinsjr) Perkins</username>
        </addon>
		<addon>
            <addon_id>plugin.video.live.streamspro</addon_id>
            <username>Shani</username>
        </addon>
		<addon>
            <addon_id>plugin.video.playlistLoader</addon_id>
            <username>Avigdor</username>
        </addon>
		<addon>
            <addon_id>plugin.video.youtube</addon_id>
            <username>anxdpanic, bromix</username>
        </addon>
		<addon>
            <addon_id>program.plexus</addon_id>
            <username>tvaddons</username>
        </addon>
		<addon>
            <addon_id>script.ezmaintenanceplus</addon_id>
            <username>aenema</username>
        </addon>
		<addon>
            <addon_id>script.video.F4mProxy</addon_id>
            <username>Shani</username>
        </addon>
		<addon>
            <addon_id>script.module.urlresolver</addon_id>
            <username>tvaddons</username>
        </addon>
		<addon>
            <addon_id>script.module.resolveurl</addon_id>
            <username>jsergio</username>
        </addon>
		<addon>
            <addon_id>script.module.liveresolver</addon_id>
            <username>natko1412</username>
        </addon>
		<addon>
            <addon_id></addon_id>
            <username></username>
        </addon>
    </addons>
    <!--
        Configs is an optional container for a list of config files and destinations.
        This is not limited to config files; could include images, databases, etc.
        *** Be careful, this it will overwrite destinations. ***
        Each file is copied overwriting the distination.
        ./configs/test.xml will overwrite special://profile/addon_data/plugin.video.animaltv/test.xml
    -->
 
    <!--
        Settings is an optional container for a list of addon settings key and value pairs.
    -->
    
    <!--
        Optionally issue a series of built-in commands.
        *** Be careful, know what you are doing here! ***
    -->
   
    <!--
        Optionally issue a series of JSONRPC commands.
        *** Be very careful, know what you are doing here! ***
    -->
    
</installer>
